entry,corpus,split
1438042986022.41/warc/CC-MAIN-20150728002306-00110-ip-10-236-191-2.ec2.internal.json.gz+461-Mandibuzz #630 (Bone Vulture Pokemon) - Pokedex :: PokeDream-6,webtables1-p1,test
1438042986022.41/warc/CC-MAIN-20150728002306-00237-ip-10-236-191-2.ec2.internal.json.gz+501-Gastrodon #423 (Sea Slug Pokemon) - Pokedex :: PokeDream-8,webtables1-p1,test
1438042986022.41/warc/CC-MAIN-20150728002306-00239-ip-10-236-191-2.ec2.internal.json.gz+564-Golett #622 (Automaton Pokemon) - Pokedex :: PokeDream-7,webtables1-p1,test
1438042986022.41/warc/CC-MAIN-20150728002306-00122-ip-10-236-191-2.ec2.internal.json.gz+455-Latios #381 (Eon Pokemon) - Pokedex :: PokeDream-5,webtables1-p1,test
1438042986022.41/warc/CC-MAIN-20150728002306-00262-ip-10-236-191-2.ec2.internal.json.gz+621-Jolteon #135 (Lightning Pokemon) - Pokedex :: PokeDream-5,webtables1-p1,test
1438042986022.41/warc/CC-MAIN-20150728002306-00273-ip-10-236-191-2.ec2.internal.json.gz+424-Sunflora #192 (Sun Pokemon) - Pokedex :: PokeDream-6,webtables1-p1,test
1438042986022.41/warc/CC-MAIN-20150728002306-00019-ip-10-236-191-2.ec2.internal.json.gz+421-Swampert #260 (Mud Fish Pokemon) - Pokedex :: PokeDream-6,webtables1-p1,test
1438042986022.41/warc/CC-MAIN-20150728002306-00208-ip-10-236-191-2.ec2.internal.json.gz+482-Vibrava #329 (Vibration Pokemon) - Pokedex :: PokeDream-6,webtables1-p1,test
1438042986022.41/warc/CC-MAIN-20150728002306-00021-ip-10-236-191-2.ec2.internal.json.gz+487-Moltres #146 (Flame Pokemon) - Pokedex :: PokeDream-5,webtables1-p1,test
1438042986022.41/warc/CC-MAIN-20150728002306-00152-ip-10-236-191-2.ec2.internal.json.gz+523-Magnemite #81 (Magnet Pokemon) - Pokedex :: PokeDream-7,webtables1-p1,test
1438042986022.41/warc/CC-MAIN-20150728002306-00239-ip-10-236-191-2.ec2.internal.json.gz+568-Pawniard #624 (Sharp Blade Pokemon) - Pokedex :: PokeDream-8,webtables1-p1,test
1438042986022.41/warc/CC-MAIN-20150728002306-00021-ip-10-236-191-2.ec2.internal.json.gz+485-Delcatty #301 (Prim Pokemon) - Pokedex :: PokeDream-5,webtables1-p1,test
1438042986022.41/warc/CC-MAIN-20150728002306-00265-ip-10-236-191-2.ec2.internal.json.gz+413-Simipour #516 (Geyser Pokemon) - Pokedex :: PokeDream-5,webtables1-p1,test
1438042986022.41/warc/CC-MAIN-20150728002306-00201-ip-10-236-191-2.ec2.internal.json.gz+573-Wurmple #265 (Worm Pokemon) - Pokedex :: PokeDream-7,webtables1-p1,test
1438042986022.41/warc/CC-MAIN-20150728002306-00155-ip-10-236-191-2.ec2.internal.json.gz+438-Mew #151 (New Species Pokemon) - Pokedex :: PokeDream-5,webtables1-p1,test
1438042986022.41/warc/CC-MAIN-20150728002306-00117-ip-10-236-191-2.ec2.internal.json.gz+482-Seel #86 (Sea Lion Pokemon) - Pokedex :: PokeDream-7,webtables1-p1,test
1438042986022.41/warc/CC-MAIN-20150728002306-00208-ip-10-236-191-2.ec2.internal.json.gz+477-Crustle #558 (Stone Home Pokemon) - Pokedex :: PokeDream-7,webtables1-p1,test
1438042986022.41/warc/CC-MAIN-20150728002306-00134-ip-10-236-191-2.ec2.internal.json.gz+507-Luxray #405 (Gleam Eyes Pokemon) - Pokedex :: PokeDream-5,webtables1-p1,test
1438042986022.41/warc/CC-MAIN-20150728002306-00308-ip-10-236-191-2.ec2.internal.json.gz+1632-Search Result - The Bach Bibliography-1,webtables1-p1,test
1438042986022.41/warc/CC-MAIN-20150728002306-00037-ip-10-236-191-2.ec2.internal.json.gz+482-Carvanha #318 (Savage Pokemon) - Pokedex :: PokeDream-8,webtables1-p1,test
1438042986022.41/warc/CC-MAIN-20150728002306-00239-ip-10-236-191-2.ec2.internal.json.gz+569-Pawniard #624 (Sharp Blade Pokemon) - Pokedex :: PokeDream-9,webtables1-p1,test
1438042986022.41/warc/CC-MAIN-20150728002306-00166-ip-10-236-191-2.ec2.internal.json.gz+483-Larvesta #636 (Torch Pokemon) - Pokedex :: PokeDream-6,webtables1-p1,test
1438042986022.41/warc/CC-MAIN-20150728002306-00163-ip-10-236-191-2.ec2.internal.json.gz+502-Beheeyem #606 (Cerebral Pokemon) - Pokedex :: PokeDream-6,webtables1-p1,test
1438042986022.41/warc/CC-MAIN-20150728002306-00058-ip-10-236-191-2.ec2.internal.json.gz+990-LA Kings - Fleaflicker-0,webtables1-p1,test
1438042986022.41/warc/CC-MAIN-20150728002306-00019-ip-10-236-191-2.ec2.internal.json.gz+420-Swampert #260 (Mud Fish Pokemon) - Pokedex :: PokeDream-5,webtables1-p1,test
1438042986022.41/warc/CC-MAIN-20150728002306-00166-ip-10-236-191-2.ec2.internal.json.gz+488-Zweilous #634 (Hostile Pokemon) - Pokedex :: PokeDream-5,webtables1-p1,test
1438042986022.41/warc/CC-MAIN-20150728002306-00155-ip-10-236-191-2.ec2.internal.json.gz+442-Pelipper #279 (Water Bird Pokemon) - Pokedex :: PokeDream-7,webtables1-p1,test
1438042986022.41/warc/CC-MAIN-20150728002306-00134-ip-10-236-191-2.ec2.internal.json.gz+423-Find Contributions | MapLight - Money and Politics-0,webtables1-p1,test
1438042986022.41/warc/CC-MAIN-20150728002306-00340-ip-10-236-191-2.ec2.internal.json.gz+420-Find Contributions | MapLight - Money and Politics-0,webtables1-p1,test
1438042986022.41/warc/CC-MAIN-20150728002306-00102-ip-10-236-191-2.ec2.internal.json.gz+477-Ponyta #77 (Fire Horse Pokemon) - Pokedex :: PokeDream-8,webtables1-p1,test
1438042986022.41/warc/CC-MAIN-20150728002306-00114-ip-10-236-191-2.ec2.internal.json.gz+580-Charmander #4 (Lizard Pokemon) - Pokedex :: PokeDream-5,webtables1-p1,test
1438042986022.41/warc/CC-MAIN-20150728002306-00163-ip-10-236-191-2.ec2.internal.json.gz+508-Seadra #117 (Dragon Pokemon) - Pokedex :: PokeDream-9,webtables1-p1,test
1438042986022.41/warc/CC-MAIN-20150728002306-00152-ip-10-236-191-2.ec2.internal.json.gz+444-Find Contributions | MapLight - Money and Politics-0,webtables1-p1,test
1438042986022.41/warc/CC-MAIN-20150728002306-00315-ip-10-236-191-2.ec2.internal.json.gz+553-Weezing #110 (Poison Gas Pokemon) - Pokedex :: PokeDream-8,webtables1-p1,test
1438042986022.41/warc/CC-MAIN-20150728002306-00122-ip-10-236-191-2.ec2.internal.json.gz+457-Yanma #193 (Clear Wing Pokemon) - Pokedex :: PokeDream-5,webtables1-p1,test
1438042986022.41/warc/CC-MAIN-20150728002306-00170-ip-10-236-191-2.ec2.internal.json.gz+547-Duosion #578 (Mitosis Pokemon) - Pokedex :: PokeDream-7,webtables1-p1,test
1438042986022.41/warc/CC-MAIN-20150728002306-00166-ip-10-236-191-2.ec2.internal.json.gz+481-Doduo #84 (Twin Bird Pokemon) - Pokedex :: PokeDream-8,webtables1-p1,train
1438042986022.41/warc/CC-MAIN-20150728002306-00134-ip-10-236-191-2.ec2.internal.json.gz+512-Whimsicott #547 (Windveiled Pokemon) - Pokedex :: PokeDream-8,webtables1-p1,train
1438042986022.41/warc/CC-MAIN-20150728002306-00218-ip-10-236-191-2.ec2.internal.json.gz+538-Taillow #276 (Tinyswallow Pokemon) - Pokedex :: PokeDream-6,webtables1-p1,train
1438042986022.41/warc/CC-MAIN-20150728002306-00099-ip-10-236-191-2.ec2.internal.json.gz+402-Find Contributions | MapLight - Money and Politics-0,webtables1-p1,train
1438042986022.41/warc/CC-MAIN-20150728002306-00155-ip-10-236-191-2.ec2.internal.json.gz+441-Pelipper #279 (Water Bird Pokemon) - Pokedex :: PokeDream-6,webtables1-p1,train
1438042986022.41/warc/CC-MAIN-20150728002306-00118-ip-10-236-191-2.ec2.internal.json.gz+508-Machop #66 (Superpower Pokemon) - Pokedex :: PokeDream-8,webtables1-p1,train
1438042986022.41/warc/CC-MAIN-20150728002306-00295-ip-10-236-191-2.ec2.internal.json.gz+507-Togepi #175 (Spike Ball Pokemon) - Pokedex :: PokeDream-5,webtables1-p1,train
1438042986022.41/warc/CC-MAIN-20150728002306-00328-ip-10-236-191-2.ec2.internal.json.gz+476-Eelektrik #603 (Elefish Pokemon) - Pokedex :: PokeDream-7,webtables1-p1,train
1438042986022.41/warc/CC-MAIN-20150728002306-00139-ip-10-236-191-2.ec2.internal.json.gz+394-Purugly #432 (Tiger Cat Pokemon) - Pokedex :: PokeDream-6,webtables1-p1,train
1438042986022.41/warc/CC-MAIN-20150728002306-00122-ip-10-236-191-2.ec2.internal.json.gz+456-Latios #381 (Eon Pokemon) - Pokedex :: PokeDream-6,webtables1-p1,train
1438042986022.41/warc/CC-MAIN-20150728002306-00061-ip-10-236-191-2.ec2.internal.json.gz+416-Skarmory #227 (Armor Bird Pokemon) - Pokedex :: PokeDream-6,webtables1-p1,train
1438042986022.41/warc/CC-MAIN-20150728002306-00102-ip-10-236-191-2.ec2.internal.json.gz+478-Ponyta #77 (Fire Horse Pokemon) - Pokedex :: PokeDream-9,webtables1-p1,train
1438042986022.41/warc/CC-MAIN-20150728002306-00210-ip-10-236-191-2.ec2.internal.json.gz+417-Scraggy #559 (Shedding Pokemon) - Pokedex :: PokeDream-7,webtables1-p1,train
1438042986022.41/warc/CC-MAIN-20150728002306-00295-ip-10-236-191-2.ec2.internal.json.gz+505-Swablu #333 (Cotton Bird Pokemon) - Pokedex :: PokeDream-6,webtables1-p1,train
1438042986022.41/warc/CC-MAIN-20150728002306-00110-ip-10-236-191-2.ec2.internal.json.gz+459-Alakazam #65 (Psi Pokemon) - Pokedex :: PokeDream-6,webtables1-p1,train
1438042986022.41/warc/CC-MAIN-20150728002306-00139-ip-10-236-191-2.ec2.internal.json.gz+391-Omanyte #138 (Spiral Pokemon) - Pokedex :: PokeDream-5,webtables1-p1,train
1438042986022.41/warc/CC-MAIN-20150728002306-00117-ip-10-236-191-2.ec2.internal.json.gz+411-Find Contributions | MapLight - Money and Politics-0,webtables1-p1,train
1438042986022.41/warc/CC-MAIN-20150728002306-00037-ip-10-236-191-2.ec2.internal.json.gz+481-Carvanha #318 (Savage Pokemon) - Pokedex :: PokeDream-7,webtables1-p1,train
1438042986022.41/warc/CC-MAIN-20150728002306-00019-ip-10-236-191-2.ec2.internal.json.gz+419-Swalot #317 (Poison Bag Pokemon) - Pokedex :: PokeDream-6,webtables1-p1,train
1438042986022.41/warc/CC-MAIN-20150728002306-00295-ip-10-236-191-2.ec2.internal.json.gz+508-Togepi #175 (Spike Ball Pokemon) - Pokedex :: PokeDream-6,webtables1-p1,train
1438042986022.41/warc/CC-MAIN-20150728002306-00021-ip-10-236-191-2.ec2.internal.json.gz+492-Pinsir #127 (Stag Beetle Pokemon) - Pokedex :: PokeDream-8,webtables1-p1,train
1438042986022.41/warc/CC-MAIN-20150728002306-00321-ip-10-236-191-2.ec2.internal.json.gz+608-Swadloon #541 (Leaf-wrapped Pokemon) - Pokedex :: PokeDream-8,webtables1-p1,train
1438042986022.41/warc/CC-MAIN-20150728002306-00163-ip-10-236-191-2.ec2.internal.json.gz+512-Virizion #640 (Grassland Pokemon) - Pokedex :: PokeDream-6,webtables1-p1,train
1438042986022.41/warc/CC-MAIN-20150728002306-00294-ip-10-236-191-2.ec2.internal.json.gz+377-Heracross #214 (Single Horn Pokemon) - Pokedex :: PokeDream-6,webtables1-p1,train
1438042986022.41/warc/CC-MAIN-20150728002306-00021-ip-10-236-191-2.ec2.internal.json.gz+488-Moltres #146 (Flame Pokemon) - Pokedex :: PokeDream-6,webtables1-p1,train
1438042986022.41/warc/CC-MAIN-20150728002306-00021-ip-10-236-191-2.ec2.internal.json.gz+383-Find Contributions | MapLight - Money and Politics-0,webtables1-p1,train
1438042986022.41/warc/CC-MAIN-20150728002306-00315-ip-10-236-191-2.ec2.internal.json.gz+1694-Docucomp ISO19115Components-HTMLTable-23,webtables1-p1,train
1438042986022.41/warc/CC-MAIN-20150728002306-00300-ip-10-236-191-2.ec2.internal.json.gz+667-Dodrio #85 (Triple Bird Pokemon) - Pokedex :: PokeDream-7,webtables1-p1,train
1438042986022.41/warc/CC-MAIN-20150728002306-00170-ip-10-236-191-2.ec2.internal.json.gz+548-Duosion #578 (Mitosis Pokemon) - Pokedex :: PokeDream-8,webtables1-p1,train
1438042986022.41/warc/CC-MAIN-20150728002306-00295-ip-10-236-191-2.ec2.internal.json.gz+506-Swablu #333 (Cotton Bird Pokemon) - Pokedex :: PokeDream-7,webtables1-p1,train
1438042986022.41/warc/CC-MAIN-20150728002306-00117-ip-10-236-191-2.ec2.internal.json.gz+485-Venonat #48 (Insect Pokemon) - Pokedex :: PokeDream-6,webtables1-p1,train
1438042986022.41/warc/CC-MAIN-20150728002306-00300-ip-10-236-191-2.ec2.internal.json.gz+672-Dwebble #557 (Rock Inn Pokemon) - Pokedex :: PokeDream-8,webtables1-p1,train
1438042986022.41/warc/CC-MAIN-20150728002306-00237-ip-10-236-191-2.ec2.internal.json.gz+505-Growlithe #58 (Puppy Pokemon) - Pokedex :: PokeDream-8,webtables1-p1,train
1438042986022.41/warc/CC-MAIN-20150728002306-00152-ip-10-236-191-2.ec2.internal.json.gz+527-Swanna #581 (White Bird Pokemon) - Pokedex :: PokeDream-7,webtables1-p1,train
1438042986022.41/warc/CC-MAIN-20150728002306-00152-ip-10-236-191-2.ec2.internal.json.gz+524-Magnemite #81 (Magnet Pokemon) - Pokedex :: PokeDream-8,webtables1-p1,train
1438042986022.41/warc/CC-MAIN-20150728002306-00023-ip-10-236-191-2.ec2.internal.json.gz+2299-API17:JDatabase::loadObjectList - Joomla! Documentation-0,webtables1-p1,train
1438042986022.41/warc/CC-MAIN-20150728002306-00110-ip-10-236-191-2.ec2.internal.json.gz+462-Mandibuzz #630 (Bone Vulture Pokemon) - Pokedex :: PokeDream-7,webtables1-p1,train
1438042986022.41/warc/CC-MAIN-20150728002306-00208-ip-10-236-191-2.ec2.internal.json.gz+478-Crustle #558 (Stone Home Pokemon) - Pokedex :: PokeDream-8,webtables1-p1,train
1438042986022.41/warc/CC-MAIN-20150728002306-00294-ip-10-236-191-2.ec2.internal.json.gz+379-Moltres #146 (Flame Pokemon) - Pokedex :: PokeDream-6,webtables1-p1,train
1438042986022.41/warc/CC-MAIN-20150728002306-00295-ip-10-236-191-2.ec2.internal.json.gz+502-Salamence #373 (Dragon Pokemon) - Pokedex :: PokeDream-5,webtables1-p1,train
1438042986022.41/warc/CC-MAIN-20150728002306-00308-ip-10-236-191-2.ec2.internal.json.gz+536-Furret #162 (Long Body Pokemon) - Pokedex :: PokeDream-5,webtables1-p1,train
1438042986022.41/warc/CC-MAIN-20150728002306-00300-ip-10-236-191-2.ec2.internal.json.gz+676-Poliwhirl #61 (Tadpole Pokemon) - Pokedex :: PokeDream-8,webtables1-p1,train
1438042986022.41/warc/CC-MAIN-20150728002306-00265-ip-10-236-191-2.ec2.internal.json.gz+406-Charmeleon #5 (Flame Pokemon) - Pokedex :: PokeDream-5,webtables1-p1,train
1438042986022.41/warc/CC-MAIN-20150728002306-00105-ip-10-236-191-2.ec2.internal.json.gz+494-Abra #63 (Psi Pokemon) - Pokedex :: PokeDream-8,webtables1-p1,train
1438042986022.41/warc/CC-MAIN-20150728002306-00163-ip-10-236-191-2.ec2.internal.json.gz+509-Servine #496 (Grass Snake Pokemon) - Pokedex :: PokeDream-5,webtables1-p1,train
1438042986022.41/warc/CC-MAIN-20150728002306-00019-ip-10-236-191-2.ec2.internal.json.gz+418-Swalot #317 (Poison Bag Pokemon) - Pokedex :: PokeDream-5,webtables1-p1,train
1438042986022.41/warc/CC-MAIN-20150728002306-00308-ip-10-236-191-2.ec2.internal.json.gz+537-Furret #162 (Long Body Pokemon) - Pokedex :: PokeDream-6,webtables1-p1,train
1438042986022.41/warc/CC-MAIN-20150728002306-00155-ip-10-236-191-2.ec2.internal.json.gz+439-Mew #151 (New Species Pokemon) - Pokedex :: PokeDream-6,webtables1-p1,train
1438042986022.41/warc/CC-MAIN-20150728002306-00300-ip-10-236-191-2.ec2.internal.json.gz+671-Dwebble #557 (Rock Inn Pokemon) - Pokedex :: PokeDream-7,webtables1-p1,train
1438042986022.41/warc/CC-MAIN-20150728002306-00328-ip-10-236-191-2.ec2.internal.json.gz+479-Mawile #303 (Deceiver Pokemon) - Pokedex :: PokeDream-8,webtables1-p1,train
1438042986022.41/warc/CC-MAIN-20150728002306-00166-ip-10-236-191-2.ec2.internal.json.gz+480-Doduo #84 (Twin Bird Pokemon) - Pokedex :: PokeDream-7,webtables1-p1,train
1438042986022.41/warc/CC-MAIN-20150728002306-00328-ip-10-236-191-2.ec2.internal.json.gz+481-Thundurus #642 (Bolt Strike Pokemon) - Pokedex :: PokeDream-5,webtables1-p1,train
1438042986022.41/warc/CC-MAIN-20150728002306-00037-ip-10-236-191-2.ec2.internal.json.gz+488-Rattata #19 (Mouse Pokemon) - Pokedex :: PokeDream-8,webtables1-p1,train
1438042986022.41/warc/CC-MAIN-20150728002306-00099-ip-10-236-191-2.ec2.internal.json.gz+465-Gliscor #472 (Fang Scorp Pokemon) - Pokedex :: PokeDream-5,webtables1-p1,train
1438042986022.41/warc/CC-MAIN-20150728002306-00300-ip-10-236-191-2.ec2.internal.json.gz+677-Staraptor #398 (Predator Pokemon) - Pokedex :: PokeDream-5,webtables1-p1,train
1438042986022.41/warc/CC-MAIN-20150728002306-00294-ip-10-236-191-2.ec2.internal.json.gz+376-Heracross #214 (Single Horn Pokemon) - Pokedex :: PokeDream-5,webtables1-p1,train
1438042986022.41/warc/CC-MAIN-20150728002306-00321-ip-10-236-191-2.ec2.internal.json.gz+607-Swadloon #541 (Leaf-wrapped Pokemon) - Pokedex :: PokeDream-7,webtables1-p1,train
1438042986022.41/warc/CC-MAIN-20150728002306-00095-ip-10-236-191-2.ec2.internal.json.gz+363-Find Contributions | MapLight - Money and Politics-0,webtables1-p1,train
1438042986022.41/warc/CC-MAIN-20150728002306-00215-ip-10-236-191-2.ec2.internal.json.gz+513-Chandelure #609 (Luring Pokemon) - Pokedex :: PokeDream-6,webtables1-p1,train
1438042986022.41/warc/CC-MAIN-20150728002306-00037-ip-10-236-191-2.ec2.internal.json.gz+483-Combusken #256 (Young Fowl Pokemon) - Pokedex :: PokeDream-5,webtables1-p1,train
1438042986022.41/warc/CC-MAIN-20150728002306-00086-ip-10-236-191-2.ec2.internal.json.gz+431-Sharpedo #319 (Brutal Pokemon) - Pokedex :: PokeDream-6,webtables1-p1,train
1438042986022.41/warc/CC-MAIN-20150728002306-00265-ip-10-236-191-2.ec2.internal.json.gz+407-Charmeleon #5 (Flame Pokemon) - Pokedex :: PokeDream-6,webtables1-p1,train
1438042986022.41/warc/CC-MAIN-20150728002306-00265-ip-10-236-191-2.ec2.internal.json.gz+412-Natu #177 (Tiny Bird Pokemon) - Pokedex :: PokeDream-8,webtables1-p1,train
1438042986022.41/warc/CC-MAIN-20150728002306-00152-ip-10-236-191-2.ec2.internal.json.gz+525-Seel #86 (Sea Lion Pokemon) - Pokedex :: PokeDream-5,webtables1-p1,train
1438042986022.41/warc/CC-MAIN-20150728002306-00021-ip-10-236-191-2.ec2.internal.json.gz+491-Pinsir #127 (Stag Beetle Pokemon) - Pokedex :: PokeDream-7,webtables1-p1,train
1438042986022.41/warc/CC-MAIN-20150728002306-00310-ip-10-236-191-2.ec2.internal.json.gz+471-Politoed #186 (Frog Pokemon) - Pokedex :: PokeDream-7,webtables1-p1,train
1438042986022.41/warc/CC-MAIN-20150728002306-00099-ip-10-236-191-2.ec2.internal.json.gz+468-Pineco #204 (Bagworm Pokemon) - Pokedex :: PokeDream-6,webtables1-p1,train
1438042986022.41/warc/CC-MAIN-20150728002306-00340-ip-10-236-191-2.ec2.internal.json.gz+485-Suicune #245 (Aurora Pokemon) - Pokedex :: PokeDream-5,webtables1-p1,train
1438042986022.41/warc/CC-MAIN-20150728002306-00237-ip-10-236-191-2.ec2.internal.json.gz+504-Growlithe #58 (Puppy Pokemon) - Pokedex :: PokeDream-7,webtables1-p1,train
1438042986022.41/warc/CC-MAIN-20150728002306-00287-ip-10-236-191-2.ec2.internal.json.gz+483-Slakoth #287 (Slacker Pokemon) - Pokedex :: PokeDream-6,webtables1-p1,train
1438042986022.41/warc/CC-MAIN-20150728002306-00152-ip-10-236-191-2.ec2.internal.json.gz+528-Swanna #581 (White Bird Pokemon) - Pokedex :: PokeDream-8,webtables1-p1,train
1438042986022.41/warc/CC-MAIN-20150728002306-00086-ip-10-236-191-2.ec2.internal.json.gz+428-Gible #443 (Land Shark Pokemon) - Pokedex :: PokeDream-7,webtables1-p1,train
1438042986022.41/warc/CC-MAIN-20150728002306-00163-ip-10-236-191-2.ec2.internal.json.gz+511-Virizion #640 (Grassland Pokemon) - Pokedex :: PokeDream-5,webtables1-p1,train
1438042986022.41/warc/CC-MAIN-20150728002306-00294-ip-10-236-191-2.ec2.internal.json.gz+374-Geodude #74 (Rock Pokemon) - Pokedex :: PokeDream-10,webtables1-p1,train
1438042986022.41/warc/CC-MAIN-20150728002306-00295-ip-10-236-191-2.ec2.internal.json.gz+503-Salamence #373 (Dragon Pokemon) - Pokedex :: PokeDream-6,webtables1-p1,train
1438042986022.41/warc/CC-MAIN-20150728002306-00170-ip-10-236-191-2.ec2.internal.json.gz+553-Oddish #43 (Weed Pokemon) - Pokedex :: PokeDream-7,webtables1-p1,train
1438042986022.41/warc/CC-MAIN-20150728002306-00114-ip-10-236-191-2.ec2.internal.json.gz+581-Charmander #4 (Lizard Pokemon) - Pokedex :: PokeDream-6,webtables1-p1,train
1438042986022.41/warc/CC-MAIN-20150728002306-00300-ip-10-236-191-2.ec2.internal.json.gz+678-Staraptor #398 (Predator Pokemon) - Pokedex :: PokeDream-6,webtables1-p1,train
1438042986022.41/warc/CC-MAIN-20150728002306-00328-ip-10-236-191-2.ec2.internal.json.gz+475-Eelektrik #603 (Elefish Pokemon) - Pokedex :: PokeDream-6,webtables1-p1,train
1438042986022.41/warc/CC-MAIN-20150728002306-00139-ip-10-236-191-2.ec2.internal.json.gz+392-Omanyte #138 (Spiral Pokemon) - Pokedex :: PokeDream-6,webtables1-p1,train
1438042986022.41/warc/CC-MAIN-20150728002306-00110-ip-10-236-191-2.ec2.internal.json.gz+465-Sandslash #28 (Mouse Pokemon) - Pokedex :: PokeDream-7,webtables1-p1,train
1438042986022.41/warc/CC-MAIN-20150728002306-00210-ip-10-236-191-2.ec2.internal.json.gz+418-Scraggy #559 (Shedding Pokemon) - Pokedex :: PokeDream-8,webtables1-p1,train
1438042986022.41/warc/CC-MAIN-20150728002306-00204-ip-10-236-191-2.ec2.internal.json.gz+465-Magmar #126 (Spitfire Pokemon) - Pokedex :: PokeDream-7,webtables1-p1,train
1438042986022.41/warc/CC-MAIN-20150728002306-00221-ip-10-236-191-2.ec2.internal.json.gz+555-Bonsly #438 (Bonsai Pokemon) - Pokedex :: PokeDream-5,webtables1-p1,train
1438042986022.41/warc/CC-MAIN-20150728002306-00095-ip-10-236-191-2.ec2.internal.json.gz+441-Pichu #172 (Tiny Mouse Pokemon) - Pokedex :: PokeDream-6,webtables1-p1,train
1438042986022.41/warc/CC-MAIN-20150728002306-00218-ip-10-236-191-2.ec2.internal.json.gz+534-Cascoon #268 (Cocoon Pokemon) - Pokedex :: PokeDream-6,webtables1-p1,train
1438042986022.41/warc/CC-MAIN-20150728002306-00099-ip-10-236-191-2.ec2.internal.json.gz+471-Stunfisk #618 (Trap Pokemon) - Pokedex :: PokeDream-7,webtables1-p1,train
1438042986022.41/warc/CC-MAIN-20150728002306-00328-ip-10-236-191-2.ec2.internal.json.gz+416-Find Contributions | MapLight - Money and Politics-0,webtables1-p1,train
1438042986022.41/warc/CC-MAIN-20150728002306-00328-ip-10-236-191-2.ec2.internal.json.gz+482-Thundurus #642 (Bolt Strike Pokemon) - Pokedex :: PokeDream-6,webtables1-p1,train
1438042986022.41/warc/CC-MAIN-20150728002306-00166-ip-10-236-191-2.ec2.internal.json.gz+487-Swanna #581 (White Bird Pokemon) - Pokedex :: PokeDream-8,webtables1-p1,train
1438042986022.41/warc/CC-MAIN-20150728002306-00340-ip-10-236-191-2.ec2.internal.json.gz+486-Suicune #245 (Aurora Pokemon) - Pokedex :: PokeDream-6,webtables1-p1,train
1438042986022.41/warc/CC-MAIN-20150728002306-00308-ip-10-236-191-2.ec2.internal.json.gz+535-Caterpie #10 (Worm Pokemon) - Pokedex :: PokeDream-8,webtables1-p1,train
1438042986022.41/warc/CC-MAIN-20150728002306-00170-ip-10-236-191-2.ec2.internal.json.gz+550-Heatmor #631 (Anteater Pokemon) - Pokedex :: PokeDream-8,webtables1-p1,train
1438042986022.41/warc/CC-MAIN-20150728002306-00221-ip-10-236-191-2.ec2.internal.json.gz+556-Bonsly #438 (Bonsai Pokemon) - Pokedex :: PokeDream-6,webtables1-p1,train
1438042986022.41/warc/CC-MAIN-20150728002306-00099-ip-10-236-191-2.ec2.internal.json.gz+474-Tentacruel #73 (Jellyfish Pokemon) - Pokedex :: PokeDream-6,webtables1-p1,train
1438042986022.41/warc/CC-MAIN-20150728002306-00086-ip-10-236-191-2.ec2.internal.json.gz+427-Diglett #50 (Mole Pokemon) - Pokedex :: PokeDream-7,webtables1-p1,train
1438042986022.41/warc/CC-MAIN-20150728002306-00099-ip-10-236-191-2.ec2.internal.json.gz+466-Gliscor #472 (Fang Scorp Pokemon) - Pokedex :: PokeDream-6,webtables1-p1,train
1438042986022.41/warc/CC-MAIN-20150728002306-00058-ip-10-236-191-2.ec2.internal.json.gz+399-Blitzle #522 (Electrified Pokemon) - Pokedex :: PokeDream-6,webtables1-p1,train
1438042986022.41/warc/CC-MAIN-20150728002306-00201-ip-10-236-191-2.ec2.internal.json.gz+570-Sandshrew #27 (Mouse Pokemon) - Pokedex :: PokeDream-8,webtables1-p1,train
1438042986022.41/warc/CC-MAIN-20150728002306-00139-ip-10-236-191-2.ec2.internal.json.gz+393-Purugly #432 (Tiger Cat Pokemon) - Pokedex :: PokeDream-5,webtables1-p1,train
1438042986022.41/warc/CC-MAIN-20150728002306-00340-ip-10-236-191-2.ec2.internal.json.gz+484-Claydol #344 (Clay Doll Pokemon) - Pokedex :: PokeDream-8,webtables1-p1,train
1438042986022.41/warc/CC-MAIN-20150728002306-00294-ip-10-236-191-2.ec2.internal.json.gz+378-Moltres #146 (Flame Pokemon) - Pokedex :: PokeDream-5,webtables1-p1,train
1438042986022.41/warc/CC-MAIN-20150728002306-00265-ip-10-236-191-2.ec2.internal.json.gz+414-Simipour #516 (Geyser Pokemon) - Pokedex :: PokeDream-6,webtables1-p1,train
1438042986022.41/warc/CC-MAIN-20150728002306-00294-ip-10-236-191-2.ec2.internal.json.gz+375-Geodude #74 (Rock Pokemon) - Pokedex :: PokeDream-11,webtables1-p1,train
1438042986022.41/warc/CC-MAIN-20150728002306-00170-ip-10-236-191-2.ec2.internal.json.gz+554-Oddish #43 (Weed Pokemon) - Pokedex :: PokeDream-8,webtables1-p1,train
1438042986022.41/warc/CC-MAIN-20150728002306-00170-ip-10-236-191-2.ec2.internal.json.gz+556-Uxie #480 (Knowledge Pokemon) - Pokedex :: PokeDream-6,webtables1-p1,train
1438042986022.41/warc/CC-MAIN-20150728002306-00110-ip-10-236-191-2.ec2.internal.json.gz+466-Sandslash #28 (Mouse Pokemon) - Pokedex :: PokeDream-8,webtables1-p1,train
1438042986022.41/warc/CC-MAIN-20150728002306-00134-ip-10-236-191-2.ec2.internal.json.gz+508-Luxray #405 (Gleam Eyes Pokemon) - Pokedex :: PokeDream-6,webtables1-p1,train
1438042986022.41/warc/CC-MAIN-20150728002306-00315-ip-10-236-191-2.ec2.internal.json.gz+552-Weezing #110 (Poison Gas Pokemon) - Pokedex :: PokeDream-7,webtables1-p1,train
1438042986022.41/warc/CC-MAIN-20150728002306-00110-ip-10-236-191-2.ec2.internal.json.gz+458-Alakazam #65 (Psi Pokemon) - Pokedex :: PokeDream-5,webtables1-p1,train
1438042986022.41/warc/CC-MAIN-20150728002306-00287-ip-10-236-191-2.ec2.internal.json.gz+485-Venusaur #3 (Seed Pokemon) - Pokedex :: PokeDream-5,webtables1-p1,train
1438042986022.41/warc/CC-MAIN-20150728002306-00163-ip-10-236-191-2.ec2.internal.json.gz+510-Servine #496 (Grass Snake Pokemon) - Pokedex :: PokeDream-6,webtables1-p1,train
1438042986022.41/warc/CC-MAIN-20150728002306-00134-ip-10-236-191-2.ec2.internal.json.gz+506-Grimer #88 (Sludge Pokemon) - Pokedex :: PokeDream-7,webtables1-p1,train
1438042986022.41/warc/CC-MAIN-20150728002306-00166-ip-10-236-191-2.ec2.internal.json.gz+482-Larvesta #636 (Torch Pokemon) - Pokedex :: PokeDream-5,webtables1-p1,train
1438042986022.41/warc/CC-MAIN-20150728002306-00295-ip-10-236-191-2.ec2.internal.json.gz+500-Poliwag #60 (Tadpole Pokemon) - Pokedex :: PokeDream-7,webtables1-p1,train
1438042986022.41/warc/CC-MAIN-20150728002306-00315-ip-10-236-191-2.ec2.internal.json.gz+459-Find Contributions | MapLight - Money and Politics-0,webtables1-p1,train
1438042986022.41/warc/CC-MAIN-20150728002306-00294-ip-10-236-191-2.ec2.internal.json.gz+383-Pansage #511 (Grass Monkey Pokemon) - Pokedex :: PokeDream-8,webtables1-p1,train
1438042986022.41/warc/CC-MAIN-20150728002306-00152-ip-10-236-191-2.ec2.internal.json.gz+526-Seel #86 (Sea Lion Pokemon) - Pokedex :: PokeDream-6,webtables1-p1,train
1438042986022.41/warc/CC-MAIN-20150728002306-00265-ip-10-236-191-2.ec2.internal.json.gz+408-Larvesta #636 (Torch Pokemon) - Pokedex :: PokeDream-5,webtables1-p1,train
1438042986022.41/warc/CC-MAIN-20150728002306-00321-ip-10-236-191-2.ec2.internal.json.gz+604-Makuhita #296 (Guts Pokemon) - Pokedex :: PokeDream-7,webtables1-p1,train
1438042986022.41/warc/CC-MAIN-20150728002306-00122-ip-10-236-191-2.ec2.internal.json.gz+458-Yanma #193 (Clear Wing Pokemon) - Pokedex :: PokeDream-6,webtables1-p1,train
1438042986022.41/warc/CC-MAIN-20150728002306-00086-ip-10-236-191-2.ec2.internal.json.gz+432-Sharpedo #319 (Brutal Pokemon) - Pokedex :: PokeDream-7,webtables1-p1,train
1438042986022.41/warc/CC-MAIN-20150728002306-00295-ip-10-236-191-2.ec2.internal.json.gz+501-Poliwag #60 (Tadpole Pokemon) - Pokedex :: PokeDream-8,webtables1-p1,train
1438042986022.41/warc/CC-MAIN-20150728002306-00328-ip-10-236-191-2.ec2.internal.json.gz+480-Mawile #303 (Deceiver Pokemon) - Pokedex :: PokeDream-9,webtables1-p1,train
1438042986022.41/warc/CC-MAIN-20150728002306-00218-ip-10-236-191-2.ec2.internal.json.gz+535-Charmander #4 (Lizard Pokemon) - Pokedex :: PokeDream-5,webtables1-p1,train
1438042986022.41/warc/CC-MAIN-20150728002306-00218-ip-10-236-191-2.ec2.internal.json.gz+539-Taillow #276 (Tinyswallow Pokemon) - Pokedex :: PokeDream-7,webtables1-p1,train
1438042986022.41/warc/CC-MAIN-20150728002306-00273-ip-10-236-191-2.ec2.internal.json.gz+423-Sunflora #192 (Sun Pokemon) - Pokedex :: PokeDream-5,webtables1-p1,train
"1438042986022.41/warc/CC-MAIN-20150728002306-00308-ip-10-236-191-2.ec2.internal.json.gz+2285-Difference between revisions of ""API17:JApplication::login"" - Joomla! Documentation-1",webtables1-p1,train
1438042986022.41/warc/CC-MAIN-20150728002306-00021-ip-10-236-191-2.ec2.internal.json.gz+493-Umbreon #197 (Moonlight Pokemon) - Pokedex :: PokeDream-5,webtables1-p1,train
1438042986022.41/warc/CC-MAIN-20150728002306-00166-ip-10-236-191-2.ec2.internal.json.gz+485-Simipour #516 (Geyser Pokemon) - Pokedex :: PokeDream-6,webtables1-p1,train
1438042986022.41/warc/CC-MAIN-20150728002306-00166-ip-10-236-191-2.ec2.internal.json.gz+484-Simipour #516 (Geyser Pokemon) - Pokedex :: PokeDream-5,webtables1-p1,train
1438042986022.41/warc/CC-MAIN-20150728002306-00340-ip-10-236-191-2.ec2.internal.json.gz+483-Claydol #344 (Clay Doll Pokemon) - Pokedex :: PokeDream-7,webtables1-p1,train
1438042986022.41/warc/CC-MAIN-20150728002306-00204-ip-10-236-191-2.ec2.internal.json.gz+464-Magmar #126 (Spitfire Pokemon) - Pokedex :: PokeDream-6,webtables1-p1,train
1438042986022.41/warc/CC-MAIN-20150728002306-00019-ip-10-236-191-2.ec2.internal.json.gz+416-Diggersby #660 (Digging Pokemon) - Pokedex :: PokeDream-5,webtables1-p1,train
1438042986022.41/warc/CC-MAIN-20150728002306-00117-ip-10-236-191-2.ec2.internal.json.gz+483-Seel #86 (Sea Lion Pokemon) - Pokedex :: PokeDream-8,webtables1-p1,train
1438042986022.41/warc/CC-MAIN-20150728002306-00300-ip-10-236-191-2.ec2.internal.json.gz+675-Poliwhirl #61 (Tadpole Pokemon) - Pokedex :: PokeDream-7,webtables1-p1,train
1438042986022.41/warc/CC-MAIN-20150728002306-00237-ip-10-236-191-2.ec2.internal.json.gz+502-Gastrodon #423 (Sea Slug Pokemon) - Pokedex :: PokeDream-9,webtables1-p1,train
1438042986022.41/warc/CC-MAIN-20150728002306-00201-ip-10-236-191-2.ec2.internal.json.gz+569-Sandshrew #27 (Mouse Pokemon) - Pokedex :: PokeDream-7,webtables1-p1,train
1438042986022.41/warc/CC-MAIN-20150728002306-00215-ip-10-236-191-2.ec2.internal.json.gz+514-Golem #76 (Megaton Pokemon) - Pokedex :: PokeDream-5,webtables1-p1,train
1438042986022.41/warc/CC-MAIN-20150728002306-00315-ip-10-236-191-2.ec2.internal.json.gz+545-Bayleef #153 (Leaf Pokemon) - Pokedex :: PokeDream-6,webtables1-p1,train
1438042986022.41/warc/CC-MAIN-20150728002306-00086-ip-10-236-191-2.ec2.internal.json.gz+429-Gible #443 (Land Shark Pokemon) - Pokedex :: PokeDream-8,webtables1-p1,train
1438042986022.41/warc/CC-MAIN-20150728002306-00300-ip-10-236-191-2.ec2.internal.json.gz+668-Dodrio #85 (Triple Bird Pokemon) - Pokedex :: PokeDream-8,webtables1-p1,train
1438042986022.41/warc/CC-MAIN-20150728002306-00095-ip-10-236-191-2.ec2.internal.json.gz+438-Ledyba #165 (Five Star Pokemon) - Pokedex :: PokeDream-5,webtables1-p1,train
1438042986022.41/warc/CC-MAIN-20150728002306-00134-ip-10-236-191-2.ec2.internal.json.gz+511-Whimsicott #547 (Windveiled Pokemon) - Pokedex :: PokeDream-7,webtables1-p1,train
1438042986022.41/warc/CC-MAIN-20150728002306-00315-ip-10-236-191-2.ec2.internal.json.gz+548-Poliwag #60 (Tadpole Pokemon) - Pokedex :: PokeDream-7,webtables1-p1,train
1438042986022.41/warc/CC-MAIN-20150728002306-00315-ip-10-236-191-2.ec2.internal.json.gz+544-Bayleef #153 (Leaf Pokemon) - Pokedex :: PokeDream-5,webtables1-p1,train
1438042986022.41/warc/CC-MAIN-20150728002306-00310-ip-10-236-191-2.ec2.internal.json.gz+1117-Blitzburgh Steelers - Fleaflicker-0,webtables1-p1,train
1438042986022.41/warc/CC-MAIN-20150728002306-00159-ip-10-236-191-2.ec2.internal.json.gz+583-Haunter #93 (Gas Pokemon) - Pokedex :: PokeDream-9,webtables1-p1,train
1438042986022.41/warc/CC-MAIN-20150728002306-00021-ip-10-236-191-2.ec2.internal.json.gz+486-Delcatty #301 (Prim Pokemon) - Pokedex :: PokeDream-6,webtables1-p1,train
1438042986022.41/warc/CC-MAIN-20150728002306-00265-ip-10-236-191-2.ec2.internal.json.gz+411-Natu #177 (Tiny Bird Pokemon) - Pokedex :: PokeDream-7,webtables1-p1,train
1438042986022.41/warc/CC-MAIN-20150728002306-00099-ip-10-236-191-2.ec2.internal.json.gz+475-Tentacruel #73 (Jellyfish Pokemon) - Pokedex :: PokeDream-7,webtables1-p1,train
1438042986022.41/warc/CC-MAIN-20150728002306-00117-ip-10-236-191-2.ec2.internal.json.gz+478-Cloyster #91 (Bivalve Pokemon) - Pokedex :: PokeDream-5,webtables1-p1,train
1438042986022.41/warc/CC-MAIN-20150728002306-00208-ip-10-236-191-2.ec2.internal.json.gz+481-Vibrava #329 (Vibration Pokemon) - Pokedex :: PokeDream-5,webtables1-p1,train
1438042986022.41/warc/CC-MAIN-20150728002306-00166-ip-10-236-191-2.ec2.internal.json.gz+489-Zweilous #634 (Hostile Pokemon) - Pokedex :: PokeDream-6,webtables1-p1,train
1438042986022.41/warc/CC-MAIN-20150728002306-00117-ip-10-236-191-2.ec2.internal.json.gz+479-Cloyster #91 (Bivalve Pokemon) - Pokedex :: PokeDream-6,webtables1-p1,train
1438042986022.41/warc/CC-MAIN-20150728002306-00099-ip-10-236-191-2.ec2.internal.json.gz+467-Pineco #204 (Bagworm Pokemon) - Pokedex :: PokeDream-5,webtables1-p1,train
1438042986022.41/warc/CC-MAIN-20150728002306-00061-ip-10-236-191-2.ec2.internal.json.gz+415-Skarmory #227 (Armor Bird Pokemon) - Pokedex :: PokeDream-5,webtables1-p1,train
1438042986022.41/warc/CC-MAIN-20150728002306-00310-ip-10-236-191-2.ec2.internal.json.gz+472-Politoed #186 (Frog Pokemon) - Pokedex :: PokeDream-8,webtables1-p1,train
1438042986022.41/warc/CC-MAIN-20150728002306-00037-ip-10-236-191-2.ec2.internal.json.gz+484-Combusken #256 (Young Fowl Pokemon) - Pokedex :: PokeDream-6,webtables1-p1,train
1438042986022.41/warc/CC-MAIN-20150728002306-00021-ip-10-236-191-2.ec2.internal.json.gz+494-Umbreon #197 (Moonlight Pokemon) - Pokedex :: PokeDream-6,webtables1-p1,train
1438042986022.41/warc/CC-MAIN-20150728002306-00239-ip-10-236-191-2.ec2.internal.json.gz+563-Golett #622 (Automaton Pokemon) - Pokedex :: PokeDream-6,webtables1-p1,train
1438042986022.41/warc/CC-MAIN-20150728002306-00170-ip-10-236-191-2.ec2.internal.json.gz+555-Uxie #480 (Knowledge Pokemon) - Pokedex :: PokeDream-5,webtables1-p1,train
1438042986022.41/warc/CC-MAIN-20150728002306-00239-ip-10-236-191-2.ec2.internal.json.gz+570-Togekiss #468 (Jubilee Pokemon) - Pokedex :: PokeDream-5,webtables1-p1,train
1438042986022.41/warc/CC-MAIN-20150728002306-00086-ip-10-236-191-2.ec2.internal.json.gz+426-Diglett #50 (Mole Pokemon) - Pokedex :: PokeDream-6,webtables1-p1,train
1438042986022.41/warc/CC-MAIN-20150728002306-00215-ip-10-236-191-2.ec2.internal.json.gz+512-Chandelure #609 (Luring Pokemon) - Pokedex :: PokeDream-5,webtables1-p1,train
1438042986022.41/warc/CC-MAIN-20150728002306-00159-ip-10-236-191-2.ec2.internal.json.gz+584-Silcoon #266 (Cocoon Pokemon) - Pokedex :: PokeDream-6,webtables1-p1,train
1438042986022.41/warc/CC-MAIN-20150728002306-00095-ip-10-236-191-2.ec2.internal.json.gz+440-Pichu #172 (Tiny Mouse Pokemon) - Pokedex :: PokeDream-5,webtables1-p1,train
1438042986022.41/warc/CC-MAIN-20150728002306-00208-ip-10-236-191-2.ec2.internal.json.gz+480-Pupitar #247 (Hard Shell Pokemon) - Pokedex :: PokeDream-6,webtables1-p1,train
1438042986022.41/warc/CC-MAIN-20150728002306-00163-ip-10-236-191-2.ec2.internal.json.gz+503-Beheeyem #606 (Cerebral Pokemon) - Pokedex :: PokeDream-7,webtables1-p1,train
1438042986022.41/warc/CC-MAIN-20150728002306-00166-ip-10-236-191-2.ec2.internal.json.gz+486-Swanna #581 (White Bird Pokemon) - Pokedex :: PokeDream-7,webtables1-p1,train
1438042986022.41/warc/CC-MAIN-20150728002306-00215-ip-10-236-191-2.ec2.internal.json.gz+515-Golem #76 (Megaton Pokemon) - Pokedex :: PokeDream-6,webtables1-p1,train
1438042986022.41/warc/CC-MAIN-20150728002306-00170-ip-10-236-191-2.ec2.internal.json.gz+549-Heatmor #631 (Anteater Pokemon) - Pokedex :: PokeDream-7,webtables1-p1,train
1438042986022.41/warc/CC-MAIN-20150728002306-00163-ip-10-236-191-2.ec2.internal.json.gz+507-Seadra #117 (Dragon Pokemon) - Pokedex :: PokeDream-8,webtables1-p1,train
1438042986022.41/warc/CC-MAIN-20150728002306-00019-ip-10-236-191-2.ec2.internal.json.gz+417-Diggersby #660 (Digging Pokemon) - Pokedex :: PokeDream-6,webtables1-p1,train
1438042986022.41/warc/CC-MAIN-20150728002306-00287-ip-10-236-191-2.ec2.internal.json.gz+486-Venusaur #3 (Seed Pokemon) - Pokedex :: PokeDream-6,webtables1-p1,train
1438042986022.41/warc/CC-MAIN-20150728002306-00037-ip-10-236-191-2.ec2.internal.json.gz+487-Rattata #19 (Mouse Pokemon) - Pokedex :: PokeDream-7,webtables1-p1,train
1438042986022.41/warc/CC-MAIN-20150728002306-00159-ip-10-236-191-2.ec2.internal.json.gz+582-Haunter #93 (Gas Pokemon) - Pokedex :: PokeDream-8,webtables1-p1,train
1438042986022.41/warc/CC-MAIN-20150728002306-00262-ip-10-236-191-2.ec2.internal.json.gz+622-Jolteon #135 (Lightning Pokemon) - Pokedex :: PokeDream-6,webtables1-p1,train
1438042986022.41/warc/CC-MAIN-20150728002306-00208-ip-10-236-191-2.ec2.internal.json.gz+479-Pupitar #247 (Hard Shell Pokemon) - Pokedex :: PokeDream-5,webtables1-p1,train
1438042986022.41/warc/CC-MAIN-20150728002306-00265-ip-10-236-191-2.ec2.internal.json.gz+409-Larvesta #636 (Torch Pokemon) - Pokedex :: PokeDream-6,webtables1-p1,train
1438042986022.41/warc/CC-MAIN-20150728002306-00099-ip-10-236-191-2.ec2.internal.json.gz+472-Stunfisk #618 (Trap Pokemon) - Pokedex :: PokeDream-8,webtables1-p1,train
1438042986022.41/warc/CC-MAIN-20150728002306-00058-ip-10-236-191-2.ec2.internal.json.gz+400-Blitzle #522 (Electrified Pokemon) - Pokedex :: PokeDream-7,webtables1-p1,train
1438042986022.41/warc/CC-MAIN-20150728002306-00294-ip-10-236-191-2.ec2.internal.json.gz+382-Pansage #511 (Grass Monkey Pokemon) - Pokedex :: PokeDream-7,webtables1-p1,train
1438042986022.41/warc/CC-MAIN-20150728002306-00118-ip-10-236-191-2.ec2.internal.json.gz+507-Machop #66 (Superpower Pokemon) - Pokedex :: PokeDream-7,webtables1-p1,train
1438042986022.41/warc/CC-MAIN-20150728002306-00086-ip-10-236-191-2.ec2.internal.json.gz+1126-jrock10 - Fleaflicker-0,webtables1-p1,train
1438042986022.41/warc/CC-MAIN-20150728002306-00218-ip-10-236-191-2.ec2.internal.json.gz+536-Charmander #4 (Lizard Pokemon) - Pokedex :: PokeDream-6,webtables1-p1,train
1438042986022.41/warc/CC-MAIN-20150728002306-00095-ip-10-236-191-2.ec2.internal.json.gz+439-Ledyba #165 (Five Star Pokemon) - Pokedex :: PokeDream-6,webtables1-p1,train
1438042986022.41/warc/CC-MAIN-20150728002306-00239-ip-10-236-191-2.ec2.internal.json.gz+571-Togekiss #468 (Jubilee Pokemon) - Pokedex :: PokeDream-6,webtables1-p1,train
1438042986022.41/warc/CC-MAIN-20150728002306-00117-ip-10-236-191-2.ec2.internal.json.gz+486-Venonat #48 (Insect Pokemon) - Pokedex :: PokeDream-7,webtables1-p1,train
1438042986022.41/warc/CC-MAIN-20150728002306-00134-ip-10-236-191-2.ec2.internal.json.gz+505-Grimer #88 (Sludge Pokemon) - Pokedex :: PokeDream-6,webtables1-p1,train
1438042986022.41/warc/CC-MAIN-20150728002306-00287-ip-10-236-191-2.ec2.internal.json.gz+484-Slakoth #287 (Slacker Pokemon) - Pokedex :: PokeDream-7,webtables1-p1,train
1438042986022.41/warc/CC-MAIN-20150728002306-00315-ip-10-236-191-2.ec2.internal.json.gz+549-Poliwag #60 (Tadpole Pokemon) - Pokedex :: PokeDream-8,webtables1-p1,train
1438042986022.41/warc/CC-MAIN-20150728002306-00321-ip-10-236-191-2.ec2.internal.json.gz+603-Makuhita #296 (Guts Pokemon) - Pokedex :: PokeDream-6,webtables1-p1,train
1438042987171.38/warc/CC-MAIN-20150728002307-00049-ip-10-236-191-2.ec2.internal.json.gz+437-Chikorita #152 (Leaf Pokemon) - Pokedex :: PokeDream-6,webtables2-p1,test
1438042987171.38/warc/CC-MAIN-20150728002307-00218-ip-10-236-191-2.ec2.internal.json.gz+391-Hypno #97 (Hypnosis Pokemon) - Pokedex :: PokeDream-7,webtables2-p1,test
1438042987171.38/warc/CC-MAIN-20150728002307-00293-ip-10-236-191-2.ec2.internal.json.gz+535-Tympole #535 (Tadpole Pokemon) - Pokedex :: PokeDream-6,webtables2-p1,test
1438042987171.38/warc/CC-MAIN-20150728002307-00057-ip-10-236-191-2.ec2.internal.json.gz+376-Regirock #377 (Rock Peak Pokemon) - Pokedex :: PokeDream-5,webtables2-p1,test
1438042987171.38/warc/CC-MAIN-20150728002307-00301-ip-10-236-191-2.ec2.internal.json.gz+453-Yanmega #469 (Ogre Darner Pokemon) - Pokedex :: PokeDream-6,webtables2-p1,test
1438042987171.38/warc/CC-MAIN-20150728002307-00010-ip-10-236-191-2.ec2.internal.json.gz+554-Charmander #4 (Lizard Pokemon) - Pokedex :: PokeDream-5,webtables2-p1,test
1438042987171.38/warc/CC-MAIN-20150728002307-00218-ip-10-236-191-2.ec2.internal.json.gz+389-Electrode #101 (Ball Pokemon) - Pokedex :: PokeDream-7,webtables2-p1,test
1438042987171.38/warc/CC-MAIN-20150728002307-00154-ip-10-236-191-2.ec2.internal.json.gz+445-Regice #378 (Iceberg Pokemon) - Pokedex :: PokeDream-6,webtables2-p1,test
1438042987171.38/warc/CC-MAIN-20150728002307-00268-ip-10-236-191-2.ec2.internal.json.gz+499-Gardevoir #282 (Embrace Pokemon) - Pokedex :: PokeDream-6,webtables2-p1,test
1438042987171.38/warc/CC-MAIN-20150728002307-00218-ip-10-236-191-2.ec2.internal.json.gz+388-Electrode #101 (Ball Pokemon) - Pokedex :: PokeDream-6,webtables2-p1,test
1438042987171.38/warc/CC-MAIN-20150728002307-00077-ip-10-236-191-2.ec2.internal.json.gz+467-Ledyba #165 (Five Star Pokemon) - Pokedex :: PokeDream-7,webtables2-p1,test
1438042987171.38/warc/CC-MAIN-20150728002307-00077-ip-10-236-191-2.ec2.internal.json.gz+464-Carracosta #565 (Prototurtle Pokemon) - Pokedex :: PokeDream-6,webtables2-p1,test
1438042987171.38/warc/CC-MAIN-20150728002307-00192-ip-10-236-191-2.ec2.internal.json.gz+516-Wailord #321 (Float Whale Pokemon) - Pokedex :: PokeDream-7,webtables2-p1,test
1438042987171.38/warc/CC-MAIN-20150728002307-00061-ip-10-236-191-2.ec2.internal.json.gz+468-Seviper #336 (Fang Snake Pokemon) - Pokedex :: PokeDream-7,webtables2-p1,test
1438042987171.38/warc/CC-MAIN-20150728002307-00181-ip-10-236-191-2.ec2.internal.json.gz+430-Remoraid #223 (Jet Pokemon) - Pokedex :: PokeDream-9,webtables2-p1,test
1438042987171.38/warc/CC-MAIN-20150728002307-00331-ip-10-236-191-2.ec2.internal.json.gz+424-Sealeo #364 (Ball Roll Pokemon) - Pokedex :: PokeDream-6,webtables2-p1,test
1438042987171.38/warc/CC-MAIN-20150728002307-00026-ip-10-236-191-2.ec2.internal.json.gz+569-Primeape #57 (Pig Monkey Pokemon) - Pokedex :: PokeDream-7,webtables2-p1,test
1438042987171.38/warc/CC-MAIN-20150728002307-00026-ip-10-236-191-2.ec2.internal.json.gz+566-Moltres #146 (Flame Pokemon) - Pokedex :: PokeDream-5,webtables2-p1,test
1438042987171.38/warc/CC-MAIN-20150728002307-00244-ip-10-236-191-2.ec2.internal.json.gz+367-Goldeen #118 (Goldfish Pokemon) - Pokedex :: PokeDream-8,webtables2-p1,test
1438042987171.38/warc/CC-MAIN-20150728002307-00034-ip-10-236-191-2.ec2.internal.json.gz+351-Find Contributions | MapLight - Money and Politics-0,webtables2-p1,test
1438042987171.38/warc/CC-MAIN-20150728002307-00107-ip-10-236-191-2.ec2.internal.json.gz+586-Slowpoke #79 (Dopey Pokemon) - Pokedex :: PokeDream-9,webtables2-p1,test
1438042987171.38/warc/CC-MAIN-20150728002307-00190-ip-10-236-191-2.ec2.internal.json.gz+519-Bouffalant #626 (Bash Buffalo Pokemon) - Pokedex :: PokeDream-7,webtables2-p1,test
1438042987171.38/warc/CC-MAIN-20150728002307-00057-ip-10-236-191-2.ec2.internal.json.gz+377-Regirock #377 (Rock Peak Pokemon) - Pokedex :: PokeDream-6,webtables2-p1,test
1438042987171.38/warc/CC-MAIN-20150728002307-00190-ip-10-236-191-2.ec2.internal.json.gz+521-Rapidash #78 (Fire Horse Pokemon) - Pokedex :: PokeDream-5,webtables2-p1,test
1438042987171.38/warc/CC-MAIN-20150728002307-00010-ip-10-236-191-2.ec2.internal.json.gz+556-Roserade #407 (Bouquet Pokemon) - Pokedex :: PokeDream-5,webtables2-p1,test
1438042987171.38/warc/CC-MAIN-20150728002307-00246-ip-10-236-191-2.ec2.internal.json.gz+429-Aegislash #681 (Royal Sword Pokemon) - Pokedex :: PokeDream-5,webtables2-p1,test
1438042987171.38/warc/CC-MAIN-20150728002307-00246-ip-10-236-191-2.ec2.internal.json.gz+430-Aegislash #681 (Royal Sword Pokemon) - Pokedex :: PokeDream-6,webtables2-p1,test
1438042987171.38/warc/CC-MAIN-20150728002307-00072-ip-10-236-191-2.ec2.internal.json.gz+450-Registeel #379 (Iron Pokemon) - Pokedex :: PokeDream-6,webtables2-p1,test
1438042987171.38/warc/CC-MAIN-20150728002307-00224-ip-10-236-191-2.ec2.internal.json.gz+454-Geodude #74 (Rock Pokemon) - Pokedex :: PokeDream-11,webtables2-p1,test
1438042987171.38/warc/CC-MAIN-20150728002307-00234-ip-10-236-191-2.ec2.internal.json.gz+461-Lillipup #506 (Puppy Pokemon) - Pokedex :: PokeDream-7,webtables2-p1,test
1438042987171.38/warc/CC-MAIN-20150728002307-00040-ip-10-236-191-2.ec2.internal.json.gz+400-Exploud #295 (Loud Noise Pokemon) - Pokedex :: PokeDream-6,webtables2-p1,test
1438042987171.38/warc/CC-MAIN-20150728002307-00301-ip-10-236-191-2.ec2.internal.json.gz+451-Gengar #94 (Shadow Pokemon) - Pokedex :: PokeDream-6,webtables2-p1,test
1438042987171.38/warc/CC-MAIN-20150728002307-00331-ip-10-236-191-2.ec2.internal.json.gz+423-Sealeo #364 (Ball Roll Pokemon) - Pokedex :: PokeDream-5,webtables2-p1,test
1438042987171.38/warc/CC-MAIN-20150728002307-00301-ip-10-236-191-2.ec2.internal.json.gz+449-Claydol #344 (Clay Doll Pokemon) - Pokedex :: PokeDream-6,webtables2-p1,test
1438042987171.38/warc/CC-MAIN-20150728002307-00053-ip-10-236-191-2.ec2.internal.json.gz+397-Leafeon #470 (Verdant Pokemon) - Pokedex :: PokeDream-6,webtables2-p1,test
1438042987171.38/warc/CC-MAIN-20150728002307-00331-ip-10-236-191-2.ec2.internal.json.gz+418-Camerupt #323 (Eruption Pokemon) - Pokedex :: PokeDream-6,webtables2-p1,test
1438042987171.38/warc/CC-MAIN-20150728002307-00328-ip-10-236-191-2.ec2.internal.json.gz+474-Klink #599 (Gear Pokemon) - Pokedex :: PokeDream-8,webtables2-p1,test
1438042987171.38/warc/CC-MAIN-20150728002307-00026-ip-10-236-191-2.ec2.internal.json.gz+564-Golbat #42 (Bat Pokemon) - Pokedex :: PokeDream-9,webtables2-p1,test
1438042987171.38/warc/CC-MAIN-20150728002307-00197-ip-10-236-191-2.ec2.internal.json.gz+467-Dewgong #87 (Sea Lion Pokemon) - Pokedex :: PokeDream-8,webtables2-p1,test
1438042987171.38/warc/CC-MAIN-20150728002307-00339-ip-10-236-191-2.ec2.internal.json.gz+541-Murkrow #198 (Darkness Pokemon) - Pokedex :: PokeDream-5,webtables2-p1,train
1438042987171.38/warc/CC-MAIN-20150728002307-00274-ip-10-236-191-2.ec2.internal.json.gz+507-Dewgong #87 (Sea Lion Pokemon) - Pokedex :: PokeDream-7,webtables2-p1,train
1438042987171.38/warc/CC-MAIN-20150728002307-00328-ip-10-236-191-2.ec2.internal.json.gz+477-Koffing #109 (Poison Gas Pokemon) - Pokedex :: PokeDream-10,webtables2-p1,train
1438042987171.38/warc/CC-MAIN-20150728002307-00181-ip-10-236-191-2.ec2.internal.json.gz+431-Togepi #175 (Spike Ball Pokemon) - Pokedex :: PokeDream-5,webtables2-p1,train
1438042987171.38/warc/CC-MAIN-20150728002307-00218-ip-10-236-191-2.ec2.internal.json.gz+397-Scyther #123 (Mantis Pokemon) - Pokedex :: PokeDream-6,webtables2-p1,train
1438042987171.38/warc/CC-MAIN-20150728002307-00287-ip-10-236-191-2.ec2.internal.json.gz+430-Slaking #289 (Lazy Pokemon) - Pokedex :: PokeDream-6,webtables2-p1,train
1438042987171.38/warc/CC-MAIN-20150728002307-00218-ip-10-236-191-2.ec2.internal.json.gz+396-Scyther #123 (Mantis Pokemon) - Pokedex :: PokeDream-5,webtables2-p1,train
1438042987171.38/warc/CC-MAIN-20150728002307-00026-ip-10-236-191-2.ec2.internal.json.gz+565-Golbat #42 (Bat Pokemon) - Pokedex :: PokeDream-10,webtables2-p1,train
1438042987171.38/warc/CC-MAIN-20150728002307-00190-ip-10-236-191-2.ec2.internal.json.gz+522-Rapidash #78 (Fire Horse Pokemon) - Pokedex :: PokeDream-6,webtables2-p1,train
1438042987171.38/warc/CC-MAIN-20150728002307-00040-ip-10-236-191-2.ec2.internal.json.gz+399-Exploud #295 (Loud Noise Pokemon) - Pokedex :: PokeDream-5,webtables2-p1,train
1438042987171.38/warc/CC-MAIN-20150728002307-00312-ip-10-236-191-2.ec2.internal.json.gz+522-Diglett #50 (Mole Pokemon) - Pokedex :: PokeDream-6,webtables2-p1,train
1438042987171.38/warc/CC-MAIN-20150728002307-00218-ip-10-236-191-2.ec2.internal.json.gz+402-Surskit #283 (Pond Skater Pokemon) - Pokedex :: PokeDream-7,webtables2-p1,train
1438042987171.38/warc/CC-MAIN-20150728002307-00267-ip-10-236-191-2.ec2.internal.json.gz+594-Vullaby #629 (Diapered Pokemon) - Pokedex :: PokeDream-8,webtables2-p1,train
1438042987171.38/warc/CC-MAIN-20150728002307-00328-ip-10-236-191-2.ec2.internal.json.gz+1231-morgan's marauders - Fleaflicker-0,webtables2-p1,train
1438042987171.38/warc/CC-MAIN-20150728002307-00066-ip-10-236-191-2.ec2.internal.json.gz+502-Weezing #110 (Poison Gas Pokemon) - Pokedex :: PokeDream-8,webtables2-p1,train
1438042987171.38/warc/CC-MAIN-20150728002307-00328-ip-10-236-191-2.ec2.internal.json.gz+1232-brny84 - Fleaflicker-0,webtables2-p1,train
1438042987171.38/warc/CC-MAIN-20150728002307-00286-ip-10-236-191-2.ec2.internal.json.gz+414-Ursaring #217 (Hibernator Pokemon) - Pokedex :: PokeDream-5,webtables2-p1,train
1438042987171.38/warc/CC-MAIN-20150728002307-00061-ip-10-236-191-2.ec2.internal.json.gz+467-Natu #177 (Tiny Bird Pokemon) - Pokedex :: PokeDream-6,webtables2-p1,train
1438042987171.38/warc/CC-MAIN-20150728002307-00072-ip-10-236-191-2.ec2.internal.json.gz+447-Regigigas #486 (Colossal Pokemon) - Pokedex :: PokeDream-5,webtables2-p1,train
1438042987171.38/warc/CC-MAIN-20150728002307-00154-ip-10-236-191-2.ec2.internal.json.gz+384-Find Contributions | MapLight - Money and Politics-0,webtables2-p1,train
1438042987171.38/warc/CC-MAIN-20150728002307-00186-ip-10-236-191-2.ec2.internal.json.gz+444-Tangela #114 (Vine Pokemon) - Pokedex :: PokeDream-6,webtables2-p1,train
1438042987171.38/warc/CC-MAIN-20150728002307-00186-ip-10-236-191-2.ec2.internal.json.gz+446-Virizion #640 (Grassland Pokemon) - Pokedex :: PokeDream-5,webtables2-p1,train
1438042987171.38/warc/CC-MAIN-20150728002307-00061-ip-10-236-191-2.ec2.internal.json.gz+469-Seviper #336 (Fang Snake Pokemon) - Pokedex :: PokeDream-8,webtables2-p1,train
1438042987171.38/warc/CC-MAIN-20150728002307-00331-ip-10-236-191-2.ec2.internal.json.gz+417-Camerupt #323 (Eruption Pokemon) - Pokedex :: PokeDream-5,webtables2-p1,train
1438042987171.38/warc/CC-MAIN-20150728002307-00147-ip-10-236-191-2.ec2.internal.json.gz+402-Bagon #371 (Rock Head Pokemon) - Pokedex :: PokeDream-6,webtables2-p1,train
1438042987171.38/warc/CC-MAIN-20150728002307-00053-ip-10-236-191-2.ec2.internal.json.gz+400-Pansear #513 (High Temp Pokemon) - Pokedex :: PokeDream-7,webtables2-p1,train
1438042987171.38/warc/CC-MAIN-20150728002307-00218-ip-10-236-191-2.ec2.internal.json.gz+390-Hypno #97 (Hypnosis Pokemon) - Pokedex :: PokeDream-6,webtables2-p1,train
1438042987171.38/warc/CC-MAIN-20150728002307-00049-ip-10-236-191-2.ec2.internal.json.gz+443-Virizion #640 (Grassland Pokemon) - Pokedex :: PokeDream-6,webtables2-p1,train
1438042987171.38/warc/CC-MAIN-20150728002307-00026-ip-10-236-191-2.ec2.internal.json.gz+568-Primeape #57 (Pig Monkey Pokemon) - Pokedex :: PokeDream-6,webtables2-p1,train
1438042987171.38/warc/CC-MAIN-20150728002307-00339-ip-10-236-191-2.ec2.internal.json.gz+542-Murkrow #198 (Darkness Pokemon) - Pokedex :: PokeDream-6,webtables2-p1,train
1438042987171.38/warc/CC-MAIN-20150728002307-00053-ip-10-236-191-2.ec2.internal.json.gz+401-Pansear #513 (High Temp Pokemon) - Pokedex :: PokeDream-8,webtables2-p1,train
1438042987171.38/warc/CC-MAIN-20150728002307-00244-ip-10-236-191-2.ec2.internal.json.gz+371-Unfezant #521 (Proud Pokemon) - Pokedex :: PokeDream-7,webtables2-p1,train
1438042987171.38/warc/CC-MAIN-20150728002307-00268-ip-10-236-191-2.ec2.internal.json.gz+498-Gardevoir #282 (Embrace Pokemon) - Pokedex :: PokeDream-5,webtables2-p1,train
1438042987171.38/warc/CC-MAIN-20150728002307-00312-ip-10-236-191-2.ec2.internal.json.gz+523-Diglett #50 (Mole Pokemon) - Pokedex :: PokeDream-7,webtables2-p1,train
1438042987171.38/warc/CC-MAIN-20150728002307-00049-ip-10-236-191-2.ec2.internal.json.gz+440-Sawsbuck #586 (Season Pokemon) - Pokedex :: PokeDream-7,webtables2-p1,train
1438042987171.38/warc/CC-MAIN-20150728002307-00281-ip-10-236-191-2.ec2.internal.json.gz+539-Kyurem #646 (Boundary Pokemon) - Pokedex :: PokeDream-5,webtables2-p1,train
1438042987171.38/warc/CC-MAIN-20150728002307-00026-ip-10-236-191-2.ec2.internal.json.gz+567-Moltres #146 (Flame Pokemon) - Pokedex :: PokeDream-6,webtables2-p1,train
1438042987171.38/warc/CC-MAIN-20150728002307-00079-ip-10-236-191-2.ec2.internal.json.gz+476-Manectric #310 (Discharge Pokemon) - Pokedex :: PokeDream-7,webtables2-p1,train
1438042987171.38/warc/CC-MAIN-20150728002307-00286-ip-10-236-191-2.ec2.internal.json.gz+415-Ursaring #217 (Hibernator Pokemon) - Pokedex :: PokeDream-6,webtables2-p1,train
1438042987171.38/warc/CC-MAIN-20150728002307-00224-ip-10-236-191-2.ec2.internal.json.gz+453-Geodude #74 (Rock Pokemon) - Pokedex :: PokeDream-10,webtables2-p1,train
1438042987171.38/warc/CC-MAIN-20150728002307-00301-ip-10-236-191-2.ec2.internal.json.gz+450-Gengar #94 (Shadow Pokemon) - Pokedex :: PokeDream-5,webtables2-p1,train
1438042987171.38/warc/CC-MAIN-20150728002307-00040-ip-10-236-191-2.ec2.internal.json.gz+402-Tornadus #641 (Cyclone Pokemon) - Pokedex :: PokeDream-6,webtables2-p1,train
1438042987171.38/warc/CC-MAIN-20150728002307-00224-ip-10-236-191-2.ec2.internal.json.gz+446-Claydol #344 (Clay Doll Pokemon) - Pokedex :: PokeDream-7,webtables2-p1,train
1438042987171.38/warc/CC-MAIN-20150728002307-00331-ip-10-236-191-2.ec2.internal.json.gz+421-Magneton #82 (Magnet Pokemon) - Pokedex :: PokeDream-8,webtables2-p1,train
1438042987171.38/warc/CC-MAIN-20150728002307-00066-ip-10-236-191-2.ec2.internal.json.gz+497-Pawniard #624 (Sharp Blade Pokemon) - Pokedex :: PokeDream-8,webtables2-p1,train
1438042987171.38/warc/CC-MAIN-20150728002307-00147-ip-10-236-191-2.ec2.internal.json.gz+403-Bagon #371 (Rock Head Pokemon) - Pokedex :: PokeDream-7,webtables2-p1,train
1438042987171.38/warc/CC-MAIN-20150728002307-00321-ip-10-236-191-2.ec2.internal.json.gz+447-Heracross #214 (Single Horn Pokemon) - Pokedex :: PokeDream-8,webtables2-p1,train
1438042987171.38/warc/CC-MAIN-20150728002307-00192-ip-10-236-191-2.ec2.internal.json.gz+514-Krookodile #553 (Intimidation Pokemon) - Pokedex :: PokeDream-5,webtables2-p1,train
1438042987171.38/warc/CC-MAIN-20150728002307-00186-ip-10-236-191-2.ec2.internal.json.gz+445-Tangela #114 (Vine Pokemon) - Pokedex :: PokeDream-7,webtables2-p1,train
1438042987171.38/warc/CC-MAIN-20150728002307-00274-ip-10-236-191-2.ec2.internal.json.gz+508-Dewgong #87 (Sea Lion Pokemon) - Pokedex :: PokeDream-8,webtables2-p1,train
1438042987171.38/warc/CC-MAIN-20150728002307-00034-ip-10-236-191-2.ec2.internal.json.gz+427-Voltorb #100 (Ball Pokemon) - Pokedex :: PokeDream-8,webtables2-p1,train
1438042987171.38/warc/CC-MAIN-20150728002307-00234-ip-10-236-191-2.ec2.internal.json.gz+462-Lillipup #506 (Puppy Pokemon) - Pokedex :: PokeDream-8,webtables2-p1,train
1438042987171.38/warc/CC-MAIN-20150728002307-00107-ip-10-236-191-2.ec2.internal.json.gz+580-Keldeo #647 (Colt Pokemon) - Pokedex :: PokeDream-5,webtables2-p1,train
1438042987171.38/warc/CC-MAIN-20150728002307-00293-ip-10-236-191-2.ec2.internal.json.gz+536-Tympole #535 (Tadpole Pokemon) - Pokedex :: PokeDream-7,webtables2-p1,train
1438042987171.38/warc/CC-MAIN-20150728002307-00267-ip-10-236-191-2.ec2.internal.json.gz+593-Vullaby #629 (Diapered Pokemon) - Pokedex :: PokeDream-7,webtables2-p1,train
1438042987171.38/warc/CC-MAIN-20150728002307-00077-ip-10-236-191-2.ec2.internal.json.gz+463-Carracosta #565 (Prototurtle Pokemon) - Pokedex :: PokeDream-5,webtables2-p1,train
1438042987171.38/warc/CC-MAIN-20150728002307-00181-ip-10-236-191-2.ec2.internal.json.gz+432-Togepi #175 (Spike Ball Pokemon) - Pokedex :: PokeDream-6,webtables2-p1,train
1438042987171.38/warc/CC-MAIN-20150728002307-00072-ip-10-236-191-2.ec2.internal.json.gz+446-Altaria #334 (Humming Pokemon) - Pokedex :: PokeDream-8,webtables2-p1,train
1438042987171.38/warc/CC-MAIN-20150728002307-00192-ip-10-236-191-2.ec2.internal.json.gz+515-Krookodile #553 (Intimidation Pokemon) - Pokedex :: PokeDream-6,webtables2-p1,train
1438042987171.38/warc/CC-MAIN-20150728002307-00301-ip-10-236-191-2.ec2.internal.json.gz+452-Yanmega #469 (Ogre Darner Pokemon) - Pokedex :: PokeDream-5,webtables2-p1,train
1438042987171.38/warc/CC-MAIN-20150728002307-00328-ip-10-236-191-2.ec2.internal.json.gz+478-Koffing #109 (Poison Gas Pokemon) - Pokedex :: PokeDream-11,webtables2-p1,train
1438042987171.38/warc/CC-MAIN-20150728002307-00061-ip-10-236-191-2.ec2.internal.json.gz+466-Natu #177 (Tiny Bird Pokemon) - Pokedex :: PokeDream-5,webtables2-p1,train
1438042987171.38/warc/CC-MAIN-20150728002307-00218-ip-10-236-191-2.ec2.internal.json.gz+394-Joltik #595 (Attaching Pokemon) - Pokedex :: PokeDream-7,webtables2-p1,train
1438042987171.38/warc/CC-MAIN-20150728002307-00072-ip-10-236-191-2.ec2.internal.json.gz+449-Registeel #379 (Iron Pokemon) - Pokedex :: PokeDream-5,webtables2-p1,train
1438042987171.38/warc/CC-MAIN-20150728002307-00328-ip-10-236-191-2.ec2.internal.json.gz+480-Spiritomb #442 (Forbidden Pokemon) - Pokedex :: PokeDream-6,webtables2-p1,train
1438042987171.38/warc/CC-MAIN-20150728002307-00066-ip-10-236-191-2.ec2.internal.json.gz+498-Pawniard #624 (Sharp Blade Pokemon) - Pokedex :: PokeDream-9,webtables2-p1,train
1438042987171.38/warc/CC-MAIN-20150728002307-00293-ip-10-236-191-2.ec2.internal.json.gz+533-Palkia #484 (Spatial Pokemon) - Pokedex :: PokeDream-6,webtables2-p1,train
1438042987171.38/warc/CC-MAIN-20150728002307-00186-ip-10-236-191-2.ec2.internal.json.gz+441-Exploud #295 (Loud Noise Pokemon) - Pokedex :: PokeDream-5,webtables2-p1,train
1438042987171.38/warc/CC-MAIN-20150728002307-00305-ip-10-236-191-2.ec2.internal.json.gz+573-Oddish #43 (Weed Pokemon) - Pokedex :: PokeDream-7,webtables2-p1,train
1438042987171.38/warc/CC-MAIN-20150728002307-00281-ip-10-236-191-2.ec2.internal.json.gz+540-Kyurem #646 (Boundary Pokemon) - Pokedex :: PokeDream-6,webtables2-p1,train
1438042987171.38/warc/CC-MAIN-20150728002307-00312-ip-10-236-191-2.ec2.internal.json.gz+524-Mismagius #429 (Magical Pokemon) - Pokedex :: PokeDream-5,webtables2-p1,train
1438042987171.38/warc/CC-MAIN-20150728002307-00077-ip-10-236-191-2.ec2.internal.json.gz+466-Ledyba #165 (Five Star Pokemon) - Pokedex :: PokeDream-6,webtables2-p1,train
1438042987171.38/warc/CC-MAIN-20150728002307-00249-ip-10-236-191-2.ec2.internal.json.gz+475-Ambipom #424 (Long Tail Pokemon) - Pokedex :: PokeDream-5,webtables2-p1,train
1438042987171.38/warc/CC-MAIN-20150728002307-00079-ip-10-236-191-2.ec2.internal.json.gz+475-Manectric #310 (Discharge Pokemon) - Pokedex :: PokeDream-6,webtables2-p1,train
1438042987171.38/warc/CC-MAIN-20150728002307-00281-ip-10-236-191-2.ec2.internal.json.gz+538-Jynx #124 (Human Shape Pokemon) - Pokedex :: PokeDream-8,webtables2-p1,train
1438042987171.38/warc/CC-MAIN-20150728002307-00010-ip-10-236-191-2.ec2.internal.json.gz+555-Charmander #4 (Lizard Pokemon) - Pokedex :: PokeDream-6,webtables2-p1,train
1438042987171.38/warc/CC-MAIN-20150728002307-00301-ip-10-236-191-2.ec2.internal.json.gz+448-Claydol #344 (Clay Doll Pokemon) - Pokedex :: PokeDream-5,webtables2-p1,train
1438042987171.38/warc/CC-MAIN-20150728002307-00181-ip-10-236-191-2.ec2.internal.json.gz+429-Remoraid #223 (Jet Pokemon) - Pokedex :: PokeDream-8,webtables2-p1,train
1438042987171.38/warc/CC-MAIN-20150728002307-00286-ip-10-236-191-2.ec2.internal.json.gz+412-Chinchou #170 (Angler Pokemon) - Pokedex :: PokeDream-5,webtables2-p1,train
1438042987171.38/warc/CC-MAIN-20150728002307-00040-ip-10-236-191-2.ec2.internal.json.gz+401-Tornadus #641 (Cyclone Pokemon) - Pokedex :: PokeDream-5,webtables2-p1,train
1438042987171.38/warc/CC-MAIN-20150728002307-00049-ip-10-236-191-2.ec2.internal.json.gz+436-Chikorita #152 (Leaf Pokemon) - Pokedex :: PokeDream-5,webtables2-p1,train
1438042987171.38/warc/CC-MAIN-20150728002307-00192-ip-10-236-191-2.ec2.internal.json.gz+457-Find Contributions | MapLight - Money and Politics-0,webtables2-p1,train
1438042987171.38/warc/CC-MAIN-20150728002307-00072-ip-10-236-191-2.ec2.internal.json.gz+448-Regigigas #486 (Colossal Pokemon) - Pokedex :: PokeDream-6,webtables2-p1,train
1438042987171.38/warc/CC-MAIN-20150728002307-00066-ip-10-236-191-2.ec2.internal.json.gz+501-Weezing #110 (Poison Gas Pokemon) - Pokedex :: PokeDream-7,webtables2-p1,train
1438042987171.38/warc/CC-MAIN-20150728002307-00218-ip-10-236-191-2.ec2.internal.json.gz+395-Joltik #595 (Attaching Pokemon) - Pokedex :: PokeDream-8,webtables2-p1,train
1438042987171.38/warc/CC-MAIN-20150728002307-00154-ip-10-236-191-2.ec2.internal.json.gz+444-Regice #378 (Iceberg Pokemon) - Pokedex :: PokeDream-5,webtables2-p1,train
1438042987171.38/warc/CC-MAIN-20150728002307-00186-ip-10-236-191-2.ec2.internal.json.gz+447-Virizion #640 (Grassland Pokemon) - Pokedex :: PokeDream-6,webtables2-p1,train
1438042987171.38/warc/CC-MAIN-20150728002307-00186-ip-10-236-191-2.ec2.internal.json.gz+440-Croconaw #159 (Big Jaw Pokemon) - Pokedex :: PokeDream-6,webtables2-p1,train
1438042987171.38/warc/CC-MAIN-20150728002307-00166-ip-10-236-191-2.ec2.internal.json.gz+1245-Tenchi the Movie: Tenchi Muyo in Love - Freebase-9,webtables2-p1,train
1438042987171.38/warc/CC-MAIN-20150728002307-00321-ip-10-236-191-2.ec2.internal.json.gz+446-Heracross #214 (Single Horn Pokemon) - Pokedex :: PokeDream-7,webtables2-p1,train
1438042987171.38/warc/CC-MAIN-20150728002307-00192-ip-10-236-191-2.ec2.internal.json.gz+517-Wailord #321 (Float Whale Pokemon) - Pokedex :: PokeDream-8,webtables2-p1,train
"1438042987171.38/warc/CC-MAIN-20150728002307-00057-ip-10-236-191-2.ec2.internal.json.gz+1144-Dividend Stocks 2015 - Research, Ratings, News, and Opinion-2",webtables2-p1,train
1438042987171.38/warc/CC-MAIN-20150728002307-00007-ip-10-236-191-2.ec2.internal.json.gz+598-Flygon #330 (Mystic Pokemon) - Pokedex :: PokeDream-5,webtables2-p1,train
1438042987171.38/warc/CC-MAIN-20150728002307-00328-ip-10-236-191-2.ec2.internal.json.gz+473-Klink #599 (Gear Pokemon) - Pokedex :: PokeDream-7,webtables2-p1,train
1438042987171.38/warc/CC-MAIN-20150728002307-00197-ip-10-236-191-2.ec2.internal.json.gz+466-Dewgong #87 (Sea Lion Pokemon) - Pokedex :: PokeDream-7,webtables2-p1,train
1438042987171.38/warc/CC-MAIN-20150728002307-00287-ip-10-236-191-2.ec2.internal.json.gz+429-Slaking #289 (Lazy Pokemon) - Pokedex :: PokeDream-5,webtables2-p1,train
1438042987171.38/warc/CC-MAIN-20150728002307-00218-ip-10-236-191-2.ec2.internal.json.gz+399-Sentret #161 (Scout Pokemon) - Pokedex :: PokeDream-6,webtables2-p1,train
1438042987171.38/warc/CC-MAIN-20150728002307-00053-ip-10-236-191-2.ec2.internal.json.gz+396-Leafeon #470 (Verdant Pokemon) - Pokedex :: PokeDream-5,webtables2-p1,train
1438042987171.38/warc/CC-MAIN-20150728002307-00049-ip-10-236-191-2.ec2.internal.json.gz+442-Virizion #640 (Grassland Pokemon) - Pokedex :: PokeDream-5,webtables2-p1,train
1438042987171.38/warc/CC-MAIN-20150728002307-00218-ip-10-236-191-2.ec2.internal.json.gz+398-Sentret #161 (Scout Pokemon) - Pokedex :: PokeDream-5,webtables2-p1,train
1438042987171.38/warc/CC-MAIN-20150728002307-00312-ip-10-236-191-2.ec2.internal.json.gz+525-Mismagius #429 (Magical Pokemon) - Pokedex :: PokeDream-6,webtables2-p1,train
1438042987171.38/warc/CC-MAIN-20150728002307-00107-ip-10-236-191-2.ec2.internal.json.gz+581-Keldeo #647 (Colt Pokemon) - Pokedex :: PokeDream-6,webtables2-p1,train
1438042987171.38/warc/CC-MAIN-20150728002307-00224-ip-10-236-191-2.ec2.internal.json.gz+447-Claydol #344 (Clay Doll Pokemon) - Pokedex :: PokeDream-8,webtables2-p1,train
1438042987171.38/warc/CC-MAIN-20150728002307-00034-ip-10-236-191-2.ec2.internal.json.gz+426-Voltorb #100 (Ball Pokemon) - Pokedex :: PokeDream-7,webtables2-p1,train
1438042987171.38/warc/CC-MAIN-20150728002307-00049-ip-10-236-191-2.ec2.internal.json.gz+441-Sawsbuck #586 (Season Pokemon) - Pokedex :: PokeDream-8,webtables2-p1,train
1438042987171.38/warc/CC-MAIN-20150728002307-00190-ip-10-236-191-2.ec2.internal.json.gz+520-Bouffalant #626 (Bash Buffalo Pokemon) - Pokedex :: PokeDream-8,webtables2-p1,train
1438042987171.38/warc/CC-MAIN-20150728002307-00007-ip-10-236-191-2.ec2.internal.json.gz+599-Flygon #330 (Mystic Pokemon) - Pokedex :: PokeDream-6,webtables2-p1,train
1438042987171.38/warc/CC-MAIN-20150728002307-00305-ip-10-236-191-2.ec2.internal.json.gz+574-Oddish #43 (Weed Pokemon) - Pokedex :: PokeDream-8,webtables2-p1,train
1438042987171.38/warc/CC-MAIN-20150728002307-00218-ip-10-236-191-2.ec2.internal.json.gz+401-Surskit #283 (Pond Skater Pokemon) - Pokedex :: PokeDream-6,webtables2-p1,train
1438042987171.38/warc/CC-MAIN-20150728002307-00244-ip-10-236-191-2.ec2.internal.json.gz+368-Goldeen #118 (Goldfish Pokemon) - Pokedex :: PokeDream-9,webtables2-p1,train
1438042987171.38/warc/CC-MAIN-20150728002307-00293-ip-10-236-191-2.ec2.internal.json.gz+532-Palkia #484 (Spatial Pokemon) - Pokedex :: PokeDream-5,webtables2-p1,train
1438042987171.38/warc/CC-MAIN-20150728002307-00107-ip-10-236-191-2.ec2.internal.json.gz+585-Slowpoke #79 (Dopey Pokemon) - Pokedex :: PokeDream-8,webtables2-p1,train
1438042987171.38/warc/CC-MAIN-20150728002307-00166-ip-10-236-191-2.ec2.internal.json.gz+406-Find Contributions | MapLight - Money and Politics-0,webtables2-p1,train
1438042987171.38/warc/CC-MAIN-20150728002307-00286-ip-10-236-191-2.ec2.internal.json.gz+413-Chinchou #170 (Angler Pokemon) - Pokedex :: PokeDream-6,webtables2-p1,train
1438042987171.38/warc/CC-MAIN-20150728002307-00244-ip-10-236-191-2.ec2.internal.json.gz+372-Unfezant #521 (Proud Pokemon) - Pokedex :: PokeDream-8,webtables2-p1,train
1438042987171.38/warc/CC-MAIN-20150728002307-00186-ip-10-236-191-2.ec2.internal.json.gz+439-Croconaw #159 (Big Jaw Pokemon) - Pokedex :: PokeDream-5,webtables2-p1,train
1438042987171.38/warc/CC-MAIN-20150728002307-00331-ip-10-236-191-2.ec2.internal.json.gz+422-Magneton #82 (Magnet Pokemon) - Pokedex :: PokeDream-9,webtables2-p1,train
1438042987171.38/warc/CC-MAIN-20150728002307-00328-ip-10-236-191-2.ec2.internal.json.gz+479-Spiritomb #442 (Forbidden Pokemon) - Pokedex :: PokeDream-5,webtables2-p1,train
1438042987171.38/warc/CC-MAIN-20150728002307-00072-ip-10-236-191-2.ec2.internal.json.gz+445-Altaria #334 (Humming Pokemon) - Pokedex :: PokeDream-7,webtables2-p1,train
1438042987171.38/warc/CC-MAIN-20150728002307-00010-ip-10-236-191-2.ec2.internal.json.gz+557-Roserade #407 (Bouquet Pokemon) - Pokedex :: PokeDream-6,webtables2-p1,train
1438042987171.38/warc/CC-MAIN-20150728002307-00186-ip-10-236-191-2.ec2.internal.json.gz+442-Exploud #295 (Loud Noise Pokemon) - Pokedex :: PokeDream-6,webtables2-p1,train
1438042987171.38/warc/CC-MAIN-20150728002307-00281-ip-10-236-191-2.ec2.internal.json.gz+537-Jynx #124 (Human Shape Pokemon) - Pokedex :: PokeDream-7,webtables2-p1,train
1438042987171.38/warc/CC-MAIN-20150728002307-00249-ip-10-236-191-2.ec2.internal.json.gz+476-Ambipom #424 (Long Tail Pokemon) - Pokedex :: PokeDream-6,webtables2-p1,train
